id,nome,cpf,idade,fone,email
103,Ulrike,Kial,821,Suzette,Karolina
104,Fidelia,Flory,669,Orsola,Alyda
105,Orelia,Dyann,888,Merrie,Ulrike
106,Loree,Starla,487,Kaia,Bernie
107,Betta,Rhoda,887,Kalina,Elena
108,Caritta,Meg,928,Anica,Emilia
109,Anthia,Carly,682,Babita,Anestassia
110,Bertine,Bobinette,188,Feliza,Ardenia
111,Jacquetta,Loree,965,Ivett,Darlleen
112,Inga,Laure,881,Emilia,Cathie
113,Alleen,Fred,989,Jaclyn,Trudie
114,Dianemarie,Clary,430,Alex,Deirdre
115,Quintina,Daryl,805,Oona,Oralee
116,Beatriz,Adelle,531,Olivette,Gale
117,Max,Brena,643,Fredericka,Britte
118,Nonnah,Zsa Zsa,432,Ilse,Elyssa
119,Kelly,Myriam,679,Tori,Shirlee
120,Gwenneth,Adelle,959,Marline,Vonny
121,Gilda,Marylou,705,Genevra,Paule
122,Elfreda,Wynne,423,Gusella,Paola
123,Bertine,Lynde,23,Rubie,Bettine
124,Kathi,Dyann,982,Cacilie,Tabbatha
125,Elena,Peri,319,Winny,Myriam
126,Roslyn,Maisey,356,Rayna,Renae
127,Viviene,Trudie,535,Marleah,Florie
128,Marsiella,Verla,319,Melina,Beverley
129,Penelopa,Kara-Lynn,758,Letizia,Pollyanna
130,Suzette,Agnese,855,Roxane,Kayla
131,Ebonee,Viviene,649,Hallie,Janenna
132,Carlie,Teriann,205,Kaia,Sheelagh
133,Morganica,Regina,363,Katuscha,Ofilia
134,Bee,Harmonia,71,Carol-Jean,Hope
135,Alexine,Goldie,247,Esmeralda,Corry
136,Rosene,Anica,397,Anica,Deedee
137,Natka,Janis,602,Laure,Charmaine
138,Frank,Deane,83,Ada,Ardeen
139,Ivett,Kathi,5,Edee,Marcelline
140,Linzy,Emma,874,Esmeralda,Minne
141,Michaelina,Oona,150,Kylynn,Fawne
142,Kate,Daphne,160,Priscilla,Lisette
143,Adore,Gavrielle,423,Sybille,Charlena
144,Gretal,Phylis,705,Raina,Liana
145,Danny,Calla,441,Hannis,Jenilee
146,Raquela,Bernie,407,Gwenneth,Madeleine
147,Elise,Malina,404,Marguerite,Jere
148,Elora,Coral,207,Estell,Marylou
149,Krystle,Tera,409,Alameda,Arlena
150,Dale,Aryn,782,Wilma,Dulce
151,Alia,Clementine,696,Karena,Danny
152,Helsa,Margarette,574,Allyce,Dorothy
153,Lesly,Jacenta,132,Cecile,Catharine
154,Myrtice,Esmeralda,791,Olivette,Eolanda
155,Carlie,Cassondra,118,Marcelline,Carree
156,Aryn,Dawn,827,Lilith,Bill
157,Gretal,Wynne,452,Charissa,Nickie
158,Estell,Mady,768,Celene,Mamie
159,Tera,Belinda,964,Libbie,Kerrin
160,Charlena,Magdalena,671,Elena,Tabbatha
161,Patricia,Lynde,253,Elyssa,Abbie
162,Phylis,Kenna,538,Susan,Dyann
163,Arlina,Larine,97,Bibby,Eolanda
164,Louella,Genevra,405,Jobi,Gisela
165,Barbi,Catharine,34,Fredericka,Marleah
166,Bobinette,Sindee,906,Rebeca,Silvana
167,Noelle,Sara-Ann,28,Rhoda,Emma
168,Tami,Marleah,418,Christal,Meriel
169,Flory,Penelopa,657,Charmaine,Fina
170,Norine,Marjie,226,Noelle,Christy
171,Fina,Ann-Marie,183,Kara-Lynn,Lindie
172,Arlena,Minne,227,Latisha,Pamella
173,Aurelie,Minda,501,Lizzie,Jan
174,Ernesta,Fidelia,62,Rani,Yolane
175,Mallory,Felice,399,Rozele,Gianina
176,Paola,Alie,538,Constance,Cristine
177,Florie,Lily,334,Alyda,Binny
178,Jacenta,Kara-Lynn,378,Viviene,Tani
179,Gretal,Lolita,886,Kara-Lynn,Betta
180,Kathy,Riannon,258,Maurene,Ariela
181,Gwenneth,Lynde,793,Amara,Maridel
182,Lucy,Clarice,517,Zaria,Lilith
183,Modestia,Janey,192,Tilly,Binny
184,Dale,Gilda,996,Rhoda,Gusella
185,Doro,Christal,744,Heida,Drucie
186,Hettie,Brooks,365,Gale,Monika
187,Damaris,Demetris,192,Ashlee,Winny
188,Joeann,Fidelia,281,Bee,Drucie
189,Myrtice,Lilith,631,Celene,Lila
190,Shel,Cathie,350,Felice,Eve
191,Ardys,Tilly,937,Concettina,Mariann
192,Minne,Roberta,881,Bernardine,Netty
193,Inga,Valeda,525,Myriam,Patricia
194,Elfreda,Layla,772,Imojean,Roz
195,Concettina,Elbertina,835,Silvana,Amalie
196,Doralynne,Nollie,271,Kimberley,Meriel
197,Benita,Theodora,993,Kassey,Dawn
198,Carolina,Roseline,145,Karly,Diena
199,Gilligan,Lanna,347,Mildrid,Gaylene
200,Queenie,Dawn,451,Elena,Dorthy
201,Sissy,Feliza,489,Pearline,Justinn
202,Celestyna,Maurene,996,Bill,Steffane
203,Elise,Linet,841,Stevana,Moyna
204,Genovera,Loree,738,Cyndie,Genovera
205,Ekaterina,Melina,229,Annaliese,Annora
206,June,Kylynn,612,Allyce,Malina
207,Edith,Fernande,126,Ann-Marie,Carlie
208,Raquela,Valli,53,Harrietta,Cam
209,Regina,Annaliese,358,Farrah,Elfreda
210,Aigneis,Pollyanna,919,Dari,Marti
211,Kathy,Misha,908,Kalina,Imojean
212,Ardys,Shauna,637,Jany,Nanete
213,Aurelie,Gusella,213,Dorene,Ira
214,Gianina,June,507,Tatiania,Harmonia
215,Yetty,Veda,773,Heddie,Jordan
216,Coral,Michaelina,49,Ofilia,Cassondra
217,Lilith,Amelia,985,Wileen,Ginnie
218,Mara,Marylou,546,Clary,Agathe
219,Carol-Jean,Deedee,208,Melina,Corene
220,Gianina,Melodie,478,Binny,Lizzie
221,Jinny,Kirbee,523,Jerry,Meghann
222,Claudina,Leia,808,Dianemarie,Bettine
223,Joane,Sam,37,Nita,Jacquetta
224,Marleah,Celene,695,Thalia,Eolanda
225,Sibella,Vivia,846,Letizia,Molli
226,Stevana,Aurelie,798,Rani,Fina
227,Ayn,Emma,451,Mireielle,Modestia
228,Dione,Stevana,498,Clarice,Layla
229,Sue,Gavrielle,553,Heida,Gisela
230,Ivett,Nickie,71,Gisela,Goldie
231,Donetta,Leeanne,572,Brianna,Halette
232,Nannie,Sheelagh,821,Zsa Zsa,Vinita
233,Ethel,Althea,776,Netty,Georgetta
234,Selia,Alexine,878,Georgina,Audrie
235,Beth,Charmaine,643,Darlleen,Lilith
236,Ronna,Konstance,591,Betta,Laure
237,Arabel,Trixi,868,Di,Julieta
238,Alie,Katharina,829,Alex,Susette
239,Asia,Ashlee,58,Tabbatha,Aeriela
240,Ellette,Maurene,265,Lenna,Annabela
241,Lita,Antonietta,513,Hollie,Ada
242,Leeanne,Bibby,65,Desirae,Lindie
243,Aimil,Krystle,349,Justinn,Josephine
244,Annecorinne,Tarra,142,Rosene,Carmencita
245,Raquela,Karena,300,Maud,Nariko
246,Viviene,Agnese,709,Melanie,Jeanna
247,Dagmar,Dari,540,Jorry,Bertine
248,Berta,Lily,463,Tracey,Lorie
249,Tabbatha,Sara-Ann,809,Tina,Genevra
250,Fayre,Edith,447,Tatiania,Danny
251,Mamie,Roxane,941,Cassondra,Atlanta
252,Talya,Penelopa,500,Augustine,Nerta
253,Tonia,Jobi,421,Binny,Oralee
254,Valera,Tybie,166,Nelle,Aili
255,Giustina,Sophia,417,Hettie,Arlena
256,Dale,Belva,224,Rozele,Gusella
257,Debee,Dorthy,367,Mariann,Mellicent
258,Bertine,Loree,561,Tori,Marnia
259,Edyth,Charmaine,251,Andeee,Kaia
260,Lanae,Quintina,192,Althea,Paulita
261,Arlena,Hettie,251,Fred,Rhoda
262,Monika,Melodie,62,Lusa,Jacenta
263,Zaria,Riannon,858,Harmonia,Leona
264,Zondra,Minne,56,Layla,Meg
265,Gretal,Sabina,195,Marti,June
266,Asia,Beth,148,Marline,Verla
267,Edith,Jennica,637,Marti,Ileana
268,Marita,Cecile,517,Zaria,Edyth
269,Luci,Modestia,489,Ebonee,Edyth
270,Rayna,Genovera,59,Pollyanna,Dagmar
271,Claudina,Jemie,770,Calla,Brianna
272,Michaelina,Sam,166,Frances,Marcy
273,Ada,Melanie,253,Trixi,Joleen
274,Alexine,Wileen,636,Kathi,Cyndie
275,Randa,Regina,939,Eugine,Helena
276,Viki,Jorry,407,Louella,Chere
277,Rebeca,Shirlee,217,Correy,Cristine
278,Dotty,Tobe,510,Dolli,Jenda
279,Cassondra,Raquela,405,Ira,Dawn
280,Louella,Molli,332,Penelopa,Marcelline
281,Fayre,Emelina,204,Gianina,Carree
282,Rosaline,Fanny,25,Adelle,Shel
283,Clo,Cathie,415,Clary,Thalia
284,Tera,Shaine,950,Dorice,Glynnis
285,Arabel,Lulita,337,Sean,Julieta
286,Janis,Atlanta,92,Sabina,Lexine
287,Lucille,Sidoney,928,Heddie,Hildegaard
288,Eadie,Ashlee,269,Aurore,Hildegaard
289,Kayla,Fred,887,Tiffie,Catharine
290,Trixi,Asia,191,Ottilie,Jean
291,Harrietta,Basia,5,Neila,Bertine
292,Sibella,Hettie,200,Ingrid,Paulita
293,Libbie,Aigneis,931,Kate,Rosanne
294,Annabela,Roseline,119,Moyna,Leeanne
295,Annecorinne,Danny,283,Mellicent,Arlina
296,Demetris,Shirlee,959,Quintina,Bobinette
297,Cristabel,Heddie,958,Gerrie,Robinia
298,Dyann,Taffy,854,Rosabelle,Elfreda
299,Barbi,Julieta,527,Theodora,Zondra
300,Trixi,Kellen,441,Belinda,Roberta
301,Ana,Viviene,328,Dacia,Lilith
302,Zsa Zsa,Florencia,574,Marleah,Madalyn
303,Giustina,Mady,925,Catrina,Jordan
304,Lorie,Rayna,84,Carolina,Sheree
305,Oona,Philis,87,Margarette,Yetty
306,Eolanda,Fanny,876,Constance,Aeriela
307,Riannon,Binny,208,Kelly,Ruthe
308,Chandra,Lolita,377,Cristabel,Therine
309,Jennica,Betta,79,Suzette,Cherilyn
310,Candi,Gertrud,491,Orelia,Raf
311,Johna,Lanna,451,Layla,Wynne
312,Kate,Madeleine,861,Agnese,Zaria
313,Barbara,Nyssa,538,Vivia,Minda
314,Chandra,Mellicent,255,Jillayne,Carlie
315,Trudie,Layla,783,Kore,Marguerite
316,Lonnie,Chastity,615,Jerry,Beverley
317,Lonnie,Hollie,805,Bertine,Fanchon
318,Feliza,Charmaine,349,Gaylene,Caritta
319,Emilia,Carly,859,Shannah,Alisha
320,Kaja,Xylina,756,Aigneis,Maryellen
321,Nataline,Heida,807,Codie,Feliza
322,Elvira,Madeleine,779,Demetris,Fawne
323,Kara-Lynn,Courtnay,762,Moyna,Tori
324,Kellen,Coral,166,Nyssa,Karly
325,Rosabelle,Ericka,557,Clementine,Pierette
326,Perry,Dorothy,790,Kassey,Ida
327,Wilma,Barbara,577,Millie,Viviene
328,Kate,Max,420,Livvyy,Alia
329,Lanae,Carmencita,21,Debee,Robbi
330,Queenie,Amii,176,Caressa,Katharina
331,Clementine,Dianemarie,916,Emmey,Eve
332,Audrie,Margarette,467,Nananne,Minne
333,Yetty,Celestyna,584,Bibby,Linzy
334,Dede,Codie,620,Marika,Joleen
335,Dawn,Alia,34,Camile,Kirbee
336,Louella,Molli,659,Tabbatha,Evaleen
337,Anthia,Amii,230,Hollie,Therine
338,Veda,Phedra,510,Selia,Mariann
339,Ursulina,Margarette,386,Jacquetta,Ruthe
340,Fawne,Arabel,256,Mara,Gratia
341,Ursulina,Chere,994,Meghann,Aigneis
342,Kelly,Edith,246,Catharine,Olivette
343,Kristina,Sibella,9,June,Kayla
344,Alexine,Tiffie,257,Edee,Kirstin
345,Riannon,Trixi,134,Jessy,Lizzie
346,Netty,Keelia,384,Ofilia,Nicoli
347,Henriette,Calla,59,Aimil,Tomasina
348,Ida,Deedee,901,Sarette,Riannon
349,Gerianna,Lory,48,Vevay,Karolina
350,Ashlee,Xylina,975,Randa,Marita
351,Tarra,Shirlee,222,Brynna,Ayn
352,Demetris,Tera,246,Nananne,Neila
353,Drucie,Dacia,532,Zondra,Mathilda
354,Moyna,Fidelia,475,Marylou,Michaelina
355,Marita,Carree,381,Patricia,Adele
356,Danny,Olivette,350,Kalina,Cyb
357,Luci,Lelah,721,Ottilie,Helsa
358,Calla,Dennie,115,Kara-Lynn,Lusa
359,Gui,Lexine,831,Jordan,Damaris
360,Jaclyn,Ingrid,195,Roslyn,Alex
361,Maryellen,Shel,51,Harrietta,Merry
362,Fidelia,Ayn,20,Charmaine,Sidoney
363,Lynde,Gaylene,237,Celisse,Jenilee
364,Marcelline,Kore,533,Micheline,Catrina
365,Talya,Carlie,167,Marleah,Nita
366,Rochette,Hyacinthe,86,Nataline,Emelina
367,Gwenneth,Tybie,810,Shel,Elvira
368,Vere,Ottilie,578,Carly,Sabina
369,Amalie,Dari,355,Almeta,Sarette
370,Libbie,Elfreda,211,Tera,Coral
371,Evaleen,Renie,549,Marcy,Etta
372,Elise,Ana,761,Annora,Dale
373,Mathilda,Allyce,641,Sue,Kate
374,Orelia,Nerta,917,Jsandye,Philis
375,Ronna,Candi,845,Fidelia,Margette
376,Judy,Valli,933,Ricky,Natka
377,Ira,Dacia,751,Lexine,Ilse
378,Celene,Patricia,784,Cyndie,Mireielle
379,Brooks,Gerianna,331,Flory,Annaliese
380,Chastity,Bettine,860,Mariele,Jorry
381,Kimberley,Nita,129,Modestia,Bee
382,Cassandra,Collen,306,Emylee,Andeee
383,Leanna,Mallory,852,Correy,Elyssa
384,Elvira,Lisette,473,Beth,Edyth
385,Fawne,Ardeen,832,Rosabelle,Thalia
386,Ronna,Jenilee,603,Babita,Drucie
387,Madalyn,Eugine,624,Hollie,Charissa
388,Cathie,Marylou,591,Gisela,Vivia
389,Charissa,Dulce,814,Gilligan,Jany
390,Randa,Arabel,670,Romona,Jaclyn
391,Dode,Lyssa,236,Wynne,Harrietta
392,Marline,Laurene,727,Mallory,Karena
393,Bill,Xylina,709,Brandise,Kirstin
394,Tiffie,Lusa,496,Orsola,Mary
395,Sophia,Laurene,321,Marnia,Jennica
396,Teddie,Gavrielle,450,Taffy,Florie
397,Britni,Fanchon,522,Sybille,Pearline
398,Jsandye,Elena,624,Kaja,Linzy
399,Dorthy,Iseabal,529,Angela,Katharina
400,Elie,Danny,993,Jean,Aaren
401,Fernande,Chandra,568,Aigneis,Dotty
402,Alameda,Dorice,69,Dyann,Aimil
403,Rubie,Mallory,4,Emilia,Petronia
404,Elie,Florie,673,Kirbee,Olwen
405,Gale,Ardeen,989,Agnese,Roz
406,Rosanne,Chloris,773,Ricky,Maud
407,Sashenka,Dede,213,Sue,Jacquetta
408,Ninnetta,Althea,30,Kellen,Tonia
409,Glynnis,Fayre,160,Amelia,Halette
410,Paulita,Edith,337,Ira,Frieda
411,Therine,Nananne,705,Carolina,Sheelagh
412,Noelle,Phylis,224,Mildrid,Alejandra
413,Blake,Mara,422,Joelly,Consuela
414,Gloria,Ardys,616,Drucie,Gwyneth
415,Lulita,Viviene,61,Britte,Kara-Lynn
416,Annabela,Olivette,833,Basia,Shell
417,Amalie,Mady,542,Berta,Dyann
418,Bibby,Anthia,288,Ronna,Michaelina
419,Bobbi,Lanna,487,Jasmina,Jorry
420,Carly,Fidelia,739,Amalie,Roz
421,Madalyn,Flory,253,Aryn,Lilith
422,Sonni,Maridel,25,Candy,Oona
423,Ursulina,Jacquetta,721,Margette,Gusella
424,Joane,Genevra,761,Winny,Katleen
425,Giustina,Aurore,604,Phedra,Charissa
426,Darlleen,Kara-Lynn,983,Candi,Alex
427,Nicoli,Lacie,205,Deirdre,Tera
428,Nita,Elmira,378,Gianina,Gale
429,Madalyn,Aimil,761,Belva,Ronna
430,Rivalee,Gavrielle,827,Laure,Kial
431,Ekaterina,Charissa,443,Dyann,Arabel
432,Lexine,Elbertina,269,Mellicent,Jere
433,Cordi,Rochette,90,Jacquetta,Xylina
434,Mureil,Cacilie,324,Max,June
435,Shannah,Corene,774,Shel,Concettina
436,Doralynne,Lauryn,182,Merrie,Ayn
437,Josephine,Ardys,56,Jaclyn,Lexine
438,Lonnie,Corene,852,Carlie,Tani
439,Gabriellia,Johna,18,Talya,Gwenneth
440,Olivette,Berget,304,Catrina,Oralee
441,Merle,Tani,532,Tilly,Tressa
442,Deedee,Beth,288,Lanae,Hope
443,Aaren,Blake,909,Cherrita,Sindee
444,Dulcinea,Lizzie,326,Mureil,Roxane
445,Annecorinne,Caritta,143,Mellicent,Bobinette
446,Mellicent,Kittie,193,Gavrielle,Lelah
447,Dania,Fawne,923,Patricia,Ekaterina
448,Claresta,Codie,848,Juliane,Kalina
449,Beatriz,Brynna,872,Inga,Viviene
450,Edyth,Norine,409,Nataline,Joane
451,Xylina,Josephine,867,Nollie,Rosanne
452,Jacquetta,Frances,437,Tiffie,Gratia
453,Meghann,Hyacinthe,484,Elise,Stevana
454,Dania,Nickie,139,Sibella,Margarette
455,Rosanne,Brena,882,Sabina,Kylynn
456,Leeanne,Lyssa,1,Elie,Nikki
457,Sarette,Roslyn,631,Dawn,Brandise
458,Gwyneth,Lucy,594,Ninnetta,Tori
459,Ellette,Sherrie,629,Rhoda,Emmey
460,Maridel,Juliane,777,Mathilda,Kristan
461,Clarice,Agathe,29,Mariann,Tani
462,Chickie,Marcy,14,Heddie,Libbie
463,Barbi,Dorene,794,Wynne,Kittie
464,Melina,Brandise,889,Sybille,Maridel
465,Isa,Adelle,759,Gerianna,Esmeralda
466,Tybie,Annabela,758,Shauna,Misha
467,Pearline,Glynnis,187,Ardeen,Barbi
468,Orelia,Taffy,169,Devina,Emilia
469,Marguerite,Lanna,425,Jillayne,Paulita
470,Dawn,Averyl,131,Georgina,Jan
471,Darlleen,Vonny,285,Mildrid,Agnese
472,Sue,Catharine,522,Cindelyn,Brana
473,Nonnah,Bill,127,Penelopa,Sibella
474,Taffy,Zsa Zsa,669,Pearline,Fidelia
475,Bibby,Chandra,803,Kirstin,Merle
476,Gwyneth,Albertina,815,Mady,Rochette
477,Carree,Lilith,840,Robinia,Peri
478,Monika,Elbertina,703,Jerry,Lilith
479,Rosaline,Eolanda,228,Judy,Xylina
480,Allis,Jenilee,590,Janeczka,Nananne
481,Brooks,Nataline,916,Frieda,Shaylyn
482,Karly,Gertrud,299,Elora,Briney
483,Valeda,Lanae,306,Danika,Verla
484,Lorenza,Kylynn,208,Elfreda,Vivia
485,Fernande,Deloria,644,Codie,Lonnie
486,Sybille,Imojean,385,Chrystel,Nataline
487,Jorry,Alyssa,85,Rochette,Carly
488,Georgina,Mathilda,439,Fanchon,Jere
489,Kore,Iseabal,811,Hallie,Ricky
490,Dione,Molli,874,Raf,Corene
491,Heddie,Gaylene,785,Gretal,Siana
492,Brana,Melanie,393,Judy,Teddie
493,Tori,Hettie,385,Rosaline,Mady
494,Damaris,Nyssa,549,Blinni,Jorry
495,Basia,Clary,816,Wanda,Correy
496,Sherrie,Leia,750,Feliza,Merrie
497,Vivia,Chrystel,900,Belinda,Tabbatha
498,Berget,Latisha,741,Bobinette,Ezmeralda
499,Peri,Mady,401,Yolane,Mellicent
500,Glenda,Vere,790,Priscilla,Verla
501,Averyl,Darlleen,424,Tybie,Nessie
502,Margalo,Mara,301,Thalia,Jackie
503,Annecorinne,Trudie,704,Maurene,Bernardine
504,Jorry,Alejandra,712,Korrie,Julieta
505,Bettine,Lanna,882,Marita,Brianna
506,Jaime,Aeriela,124,Carree,Caressa
507,Oralee,Dode,533,Rosene,Elie
508,Cherrita,Constance,209,Gwenneth,Daryl
509,Juliane,Belinda,335,Miquela,Carolina
510,Cecile,Melina,653,Elyssa,Florie
511,Berta,Leia,226,Misha,Veda
512,Jsandye,Anthia,536,Melodie,Stevana
513,Bettine,Linzy,695,Leeanne,Mathilda
514,Kristan,Katharina,62,Nikki,Gratia
515,Joceline,Lorne,972,Gui,Michaelina
516,Sallie,Annora,153,Leia,Frieda
517,Jobi,Blinni,994,Jasmina,Alyssa
518,Rayna,Dacia,131,Lucille,Madeleine
519,Cathie,Zsa Zsa,168,Courtnay,Aeriela
520,Luci,Minne,931,Randa,Mellicent
521,Melodie,Bibby,78,Malina,Cyb
522,Agathe,Gusella,38,Selma,Myriam
523,Catharine,Chloris,751,Meg,Petronia
524,Rubie,Odessa,939,Katleen,Shandie
525,Miquela,Dulce,59,Laure,Jessamyn
526,Thalia,Aimil,737,Romona,Gwyneth
527,Corina,Sheree,452,Quintina,Nicoli
528,Hollie,Meg,706,Sheelagh,Leia
529,Gwenneth,Desirae,1000,Anallese,Binny
530,Jany,Meg,538,Sibella,Marinna
531,Dorene,Alex,850,Wanda,Beatriz
532,Frances,Rubie,315,Cristine,Amara
533,Stevana,Anthia,630,Sarette,Zia
534,Edee,Katuscha,175,Vinita,Fidelia
535,Patricia,Dotty,564,Ida,Dianemarie
536,Shell,Margarette,162,Janenna,Gilligan
537,Atlanta,Marguerite,779,Teriann,Deloria
538,Carmela,Ardenia,647,Reeba,Talya
539,Jany,Melodie,739,Vita,Jaclyn
540,Reeba,Sarette,191,Meg,Theodora
541,Berta,Amii,534,Dulcinea,Amalie
542,Dianemarie,Zia,280,Drucie,Priscilla
543,Netty,Drucie,197,Sheelagh,Misha
544,Marguerite,Ingrid,156,Violet,Alyda
545,Valli,Camile,451,Ronna,Viviene
546,Courtnay,Ada,556,Evita,Wynne
547,Merry,Doro,427,Ayn,Tierney
548,Agnese,Yvonne,770,Sybille,Katuscha
549,Joy,Roxane,204,Oona,Teddie
550,Feliza,Drucie,374,Dede,Tera
551,Dagmar,Marguerite,66,Fayre,Ermengarde
552,Meghann,Regina,577,Janenna,Netty
553,Fayre,Raina,664,Taffy,Carmencita
554,Robinia,Shaine,183,Juliane,Monika
555,Karolina,Keelia,505,Jillayne,Livvyy
556,Briney,Gwyneth,272,Johna,Sadie
557,Suzette,Cam,234,Bobbi,Queenie
558,Lanae,Meg,331,Chrystel,Tybie
559,Roz,Malina,121,Debee,Myrtice
560,Nanete,Neila,3,Cathyleen,Oona
561,Jordan,Linet,63,Shandie,Morganica
562,Esmeralda,Rozele,252,Eolanda,Zsa Zsa
563,Yetty,Alyda,608,Violet,Sheree
564,Angela,Georgetta,657,Hettie,Katharina
565,Pamella,Maye,936,Sue,Madeleine
566,Aurelie,Ana,89,Brianna,Ninnetta
567,Lucy,Sybille,498,Mireielle,Larine
568,Sallie,Madalyn,48,Melisent,Kara-Lynn
569,Dede,Marnia,99,Leontine,Riannon
570,Ann-Marie,Dominga,816,Carolina,Carmencita
571,Ronna,Danika,587,Lesly,Tarra
572,Harmonia,Clo,258,Melina,Lynea
573,Merrie,Ardys,633,Noelle,Kathi
574,Cathie,Agathe,235,Charissa,Oralee
575,Teriann,Lonnie,489,Ira,Jean
576,Dolli,Celestyna,477,Orsola,Belva
577,Camile,Starla,381,Brooks,Josephine
578,Almeta,Celene,354,Luci,Alejandra
579,Rori,Olwen,554,Mignon,Hyacinthe
580,Glenda,Helsa,521,Angela,Anthia
581,Gusella,Elora,969,Georgina,Fernande
582,Kaja,Mamie,563,Johna,Kathy
583,Desirae,Audrie,456,Diena,Jany
584,Collen,Marguerite,588,Yetty,Rori
585,Nadine,Talya,825,Ada,Ilse
586,Pamella,Winny,875,Judy,Peri
587,Corry,Robbi,527,Blinni,Leia
588,Mahalia,Josephine,378,Merrie,Blake
589,Marsiella,Neila,5,Zia,Dennie
590,Ronna,Netty,994,Agnese,Elyssa
591,Elise,Hettie,677,Frieda,Giustina
592,Maridel,Edee,324,Ginnie,Helena
593,Ira,Zia,322,Diena,Emma
594,Nataline,Perry,594,Quintina,Annice
595,Maridel,Imojean,315,Wileen,Morganica
596,Ernesta,Rhoda,934,Audrie,Claudina
597,Cacilie,Linzy,854,Ethel,Ayn
598,Xylina,Lusa,231,Shauna,Hildegaard
599,Misha,Fernande,695,Helena,Cristine
600,Rosaline,Willetta,627,Sibella,Marnia
601,Merci,Renie,508,Lelah,Demetris
602,Carmencita,Carmela,640,Renie,Caritta
603,Perry,Gilda,28,Cindelyn,Natka
604,Kristan,Zondra,298,Amelia,Averyl
605,Elise,Correy,889,Carolina,Pearline
606,Kristan,Maridel,464,Mignon,Edyth
607,Priscilla,Queenie,936,Kathi,Philis
608,Peri,Pearline,813,Marleah,Cindelyn
609,Nita,Flo,359,Alia,Petronia
610,Dale,Vonny,852,Marinna,Pierette
611,Shirlee,Jessy,92,Anestassia,Modestia
612,Hayley,Rivalee,327,Melisent,Belva
613,Collen,Ottilie,411,Stevana,Mathilda
614,Melina,Lindie,389,Allyce,Gianina
615,Leeanne,Malina,76,Feliza,Cherrita
616,Zia,Paulita,356,Darci,Janenna
617,Claudina,Genovera,485,Oralee,Susan
618,Elmira,Georgetta,738,Emilia,Korrie
619,Judy,Elyssa,605,Alyda,Adriana
620,Bill,Jacenta,362,Susan,Chrystel
621,Maridel,Emmey,741,Elfreda,Beatriz
622,Lesly,Maye,862,Rivalee,Xylina
623,Randa,Barbi,107,Marnia,Frieda
624,Mignon,Kayla,985,Doro,Miquela
625,Sindee,Lucy,435,Nollie,Tani
626,Winny,Gwenneth,420,Gusella,Basia
627,Cam,Berget,358,Norine,Lexine
628,Kerrin,Belva,509,Johna,Millie
629,Amelia,Felice,224,Coral,Claudina
630,Nonnah,Quintina,220,Lusa,Tilly
631,Nikki,Natka,644,Doralynne,Caryl
632,Clementine,Edith,144,Ariela,Drucie
633,Jeanna,Dari,966,Nannie,Clo
634,Zia,Laure,184,Lila,Maridel
635,Rosene,Doro,808,Elyssa,Nannie
636,Carilyn,Basia,893,Chandra,Sindee
637,Darlleen,Mahalia,941,Rochette,Dania
638,Rosabelle,Madalyn,750,Kirstin,Jennica
639,Raquela,Ermengarde,158,Kathi,Elyssa
640,Gratia,Judy,142,Devina,Kalina
641,Jacenta,Charlena,712,Bobbi,Danny
642,Lelah,Lisette,170,Carilyn,Beatriz
643,Giustina,Tatiania,322,Blake,Odessa
644,Tierney,Andree,373,Ericka,Elie
645,Rebeca,Rubie,377,Amelia,Caressa
646,Cacilie,Grier,825,Monika,Hettie
647,Meriel,Agnese,496,Larine,Cyndie
648,Evaleen,Ursulina,118,Vere,Gwyneth
649,Basia,Vevay,138,Mary,Allyce
650,Elfreda,June,731,Ebonee,Emmey
651,Tobe,Millie,606,Jeanna,Blinni
652,Lisette,Barbi,578,Aili,Krystle
653,Nataline,Cordi,307,Marti,Elmira
654,Flory,Vivia,195,Wilma,Felice
655,Rori,Concettina,825,Tina,Lyssa
656,Nanete,Cacilie,436,Rosene,Audrie
657,Claresta,Jacquetta,925,Jessy,Selia
658,Orelia,Angela,667,Jemie,Roz
659,Deedee,Amara,907,Nonnah,Sophia
660,Gianina,Dale,879,Sharlene,Regina
661,Merle,Kalina,306,Maryellen,Jessamyn
662,Jillayne,Glynnis,4,Carilyn,Ardenia
663,Leeanne,Max,986,Robinia,Jemie
664,Gui,Hallie,619,Lucy,Modestia
665,Noelle,Blondelle,175,Gusty,Selia
666,Pearline,Kerrin,212,Amara,Courtnay
667,Sindee,Arlena,706,Sashenka,Selma
668,Doralynne,Kaia,184,Selma,Konstance
669,Ann-Marie,Kaia,738,Nita,Vinita
670,Etta,Courtnay,281,Cacilie,Emylee
671,Zia,Kassey,677,Elora,Charissa
672,Brana,Talya,128,Marguerite,Helsa
673,Margalo,Sharai,842,Elvira,Caritta
674,Anestassia,Calla,602,Kirbee,Nadine
675,Shannah,Wynne,816,Emilia,Berget
676,Bobbi,Damaris,929,Shannah,Nickie
677,Margalo,Flory,735,Candy,Tarra
678,Nadine,Clementine,32,Carol-Jean,Jaime
679,Delilah,Ermengarde,778,Max,Christian
680,Teddie,Clarice,917,Codie,Margarette
681,Roz,Evaleen,992,Clarice,Sharai
682,Isa,Josephine,606,Nicoli,Dianemarie
683,Anestassia,Candy,641,Nadine,Neila
684,Elie,Alleen,917,Kirbee,Chere
685,Kalina,Nananne,902,Lulita,Cacilie
686,Elfreda,Beatriz,552,Leia,Kate
687,Renae,Emilia,614,Marika,Carree
688,Harmonia,Kellen,975,Kenna,June
689,Alex,Gabi,682,Misha,Kathi
690,Ermengarde,Amalie,518,Kamilah,Gusty
691,Dari,Lucille,995,Jenilee,Sherrie
692,Edee,Maye,110,Susette,Amalie
693,Elka,Agnese,89,Sissy,Frances
694,Goldie,Luci,237,Violet,Aimil
695,Lexine,Hollie,776,Susan,Kassey
696,Cassandra,Elora,208,Kerrin,Jackie
697,Blake,Kylynn,790,Orsola,Dorthy
698,Marleah,Cam,530,Cassondra,Gianina
699,Marline,Devina,574,Lita,Ingrid
700,Cam,Albertina,695,Roslyn,Joceline
701,Agnese,Ermengarde,448,Blake,Penelopa
702,Ekaterina,Jessy,228,Adelle,Rozele
703,Maurene,Kittie,552,Sindee,Arlena
704,Bertine,Demetris,124,Jorry,Clarice
705,Joy,Fidelia,966,Shandie,Josephine
706,Marjie,Ulrike,150,Agnese,Maurene
707,Tressa,Diena,360,Leanna,Goldie
708,Talya,Nariko,928,Jessamyn,Sadie
709,Leia,Heida,325,Morganica,Bettine
710,Brena,Susette,446,Eadie,Pierette
711,Zsa Zsa,Georgina,504,Kathy,Jessy
712,Kittie,Lolita,303,Henriette,Wanda
713,Carmela,Nessie,451,Sallie,Nessie
714,Kimmy,Audrie,781,Susan,Evaleen
715,Dorene,Phedra,851,Paola,Ardeen
716,Micheline,Kathy,188,Wilma,Moyna
717,Barbi,Georgetta,803,Elvira,Romona
718,Carree,Liana,792,Gusty,Lelah
719,Ardenia,Sean,268,Phylis,Bertine
720,Angela,Alyssa,89,Lilith,Ofilia
721,Ketti,Di,367,Elka,Ernesta
722,Ivett,Hermione,495,Jessamyn,Tobe
723,Myrtice,Allyce,367,Flo,Nyssa
724,Fanchon,Flo,180,Fred,Frank
725,Yetty,Olwen,288,Katleen,Selia
726,Jolyn,Brandise,774,Cam,Stacey
727,Brianna,Lorie,250,Konstance,Donnie
728,Fanny,Gilda,572,Rori,Jessamyn
729,Philis,Claudina,578,Sidoney,Leontine
730,Dulcinea,Malina,875,Ashlee,Celene
731,Renie,Elena,705,Caressa,Anallese
732,Marguerite,Marsiella,204,Alex,Ariela
733,Linzy,Thalia,86,Inga,Rosabelle
734,Ekaterina,Carmencita,714,Genovera,Perry
735,Ernesta,Morganica,196,Libbie,Cherilyn
736,Linet,Ana,172,Sheelagh,Felice
737,Libbie,Ann-Marie,874,Marline,Averyl
738,Gretal,Asia,24,Robbi,Estell
739,Silvana,Chrystel,221,Dagmar,Hope
740,Karlee,Dennie,946,Yvonne,Roseline
741,Lorie,Jinny,927,Gloria,Jessy
742,Lynde,Bibby,783,Carmencita,Tabbatha
743,Janenna,Teriann,90,Tobe,Ulrike
744,Maud,Betta,634,Amara,Elbertina
745,Emilia,Gilligan,657,Caritta,Concettina
746,Philis,Berget,933,Zia,Chloris
747,Nelle,Janis,720,Diena,Sybille
748,Aimil,Ivett,452,Frances,Siana
749,Meg,Hermione,365,Fawne,Meg
750,Kayla,Roxane,157,Netty,Iseabal
751,Noelle,Krystle,667,Robbi,Isa
752,Marita,Abbie,345,Roslyn,Brena
753,Gianina,Florie,81,Mary,Konstance
754,Aili,Belva,588,Gwenneth,Sissy
755,Chere,Julieta,36,Roslyn,Kylynn
756,Karlee,Dari,355,Camile,Jinny
757,Imojean,Ellette,203,Lorie,Krystle
758,Mildrid,Diena,97,Demetris,Andree
759,Benita,Dania,259,Katuscha,Inga
760,Nananne,Vinita,979,Tersina,Ermengarde
761,Bertine,Lyssa,387,Jennica,Marguerite
762,Codie,Charissa,451,Shell,Brooks
763,Ada,Daryl,934,Babita,Ginnie
764,Ilse,Tamqrah,764,Ira,Trixi
765,Daphne,Edee,353,Brana,Dawn
766,Talya,Briney,29,Pollyanna,Gui
767,Suzette,Debee,675,Joeann,Augustine
768,Sean,Kristina,245,Jessamyn,Netty
769,Neila,Celisse,12,Moyna,Mady
770,Carilyn,Elise,887,Kalina,Maridel
771,Keelia,Marti,670,Etta,Larine
772,Candi,Annora,284,Ericka,Ida
773,Rhoda,Sheree,441,Viki,Phedra
774,Robinia,Rivalee,817,Stevana,Priscilla
775,Katuscha,Ricky,64,Elie,Courtnay
776,Beatriz,Gabriellia,680,Caritta,Hyacinthe
777,Kalina,Livvyy,978,Sybille,Dyann
778,Berta,Tori,988,Ardys,Darlleen
779,Peri,Charissa,945,Georgina,Marita
780,Clo,Coral,691,Ileana,Beatriz
781,Alameda,Bibby,560,Laure,Rubie
782,Candi,Merry,903,Carmencita,Gratia
783,Penelopa,Margalo,216,Betta,Queenie
784,Mildrid,Alleen,314,Gloria,Cyb
785,Lonnie,Libbie,52,Flory,Jeanna
786,Barbi,Janis,229,Juliane,Nikki
787,Karly,Maridel,499,Shandie,Janeczka
788,Peri,Jan,840,Brietta,Jacenta
789,Ellette,Mariele,619,Gretal,Donetta
790,Hettie,Angela,140,Karolina,Daune
791,Flo,Kassey,710,Valli,Eugine
792,Lily,Cherrita,867,Karlee,Gratia
793,Tina,Cassandra,986,Alexine,Rosabelle
794,Jenilee,Cassondra,536,Deloria,Cathyleen
795,Kenna,Janenna,176,Ida,Elie
796,Ida,Shaylyn,628,Berta,Lulita
797,Belinda,Sibella,755,Amara,Corene
798,Winny,Fredericka,843,Flo,Lelah
799,Sue,Brietta,516,Katleen,Marjie
800,Trixi,Lorie,513,Esmeralda,Lila
801,Rosene,Leeanne,144,Annaliese,Jsandye
802,Wilma,Clarice,558,Genevra,Bobinette
803,Damaris,Augustine,963,Betta,Shandie
804,Steffane,Malina,323,Sean,Ileana
805,Doro,Molli,82,Eve,Sophia
806,Phedra,Estell,225,Raf,Lusa
807,Shaylyn,Kaia,901,Jerry,Beth
808,Moyna,Dania,373,Emmey,Fawne
809,Anica,Emmey,142,Hyacinthe,Amalie
810,Sara-Ann,Tami,329,Mamie,Dianemarie
811,Marjie,Romona,745,Jolyn,Belva
812,Pamella,Arabel,902,Sam,Margarette
813,Fernande,Leeanne,605,Tatiania,Flory
814,Ethel,Sharai,407,Camile,Nickie
815,Larine,Lita,335,Ernesta,Tressa
816,Alyda,Tami,866,Bee,Correy
817,Karina,Amii,140,Tabbatha,Cecile
818,Deane,Wendi,867,Amii,Ursulina
819,Noelle,Emelina,234,Janis,Fidelia
820,Alameda,Tatiania,880,Gwyneth,Benita
821,Lindie,Marjie,604,Karlee,Perry
822,Joy,Nannie,281,Cyndie,Nerta
823,Sissy,Althea,668,Valeda,Lanae
824,Lucille,Frank,606,Cecile,Shirlee
825,Quintina,Alexine,269,Ulrike,Konstance
826,Dorothy,Winifred,923,Lita,Bobbi
827,Bobinette,Celestyna,840,Patricia,Robinia
828,Lory,Bibby,416,Lita,Karolina
829,Gertrud,Deloria,278,Joeann,Loree
830,Ardenia,Mariann,819,Taffy,Juliane
831,Selma,Clary,580,Ashlee,Nicoli
832,Vivia,Jessy,316,Helsa,Leontine
833,Wynne,Glenda,442,Pamella,Etta
834,Chloris,Cam,746,Diena,Ardenia
835,Celestyna,Max,580,Clary,Randa
836,Aimil,Elvira,992,Renae,Michaelina
837,Mariele,Fidelia,159,Nessie,Dennie
838,Heddie,Aryn,699,Dulce,Sonni
839,Rosabelle,Frieda,807,Robinia,Mureil
840,Nanete,Joeann,848,Elbertina,Dacia
841,Gratia,Viki,212,Tersina,Albertina
842,Rhoda,Lorenza,608,Josephine,Mureil
843,Sadie,Nessie,261,Maurene,Ursulina
844,Karly,Melodie,311,Kittie,Jaclyn
845,Johna,Ana,194,Ilse,Karlee
846,Yetty,Kimmy,665,Georgina,Lorenza
847,Dorthy,Lolita,369,Wilma,Blake
848,Tobe,Lily,34,Lucy,Rani
849,Lulita,Frieda,378,Konstance,Danny
850,Jolyn,Ebonee,229,Ann-Marie,Dulcinea
851,Tabbatha,Perry,101,Susette,Kimmy
852,Emylee,Zondra,772,Adriana,Berget
853,Clarice,Lilith,513,Shell,Wynne
854,Eolanda,Nanete,798,Natka,Sophia
855,Pollyanna,Aurore,151,Mamie,Drucie
856,Joeann,Rivalee,782,Wanda,Kerrin
857,Ardeen,Adelle,51,Perry,Atlanta
858,Albertina,Corly,288,Mary,Edee
859,Gilda,Dorothy,879,Joelly,Beatriz
860,Therine,Jinny,427,Mamie,Kaia
861,Fidelia,Selma,30,Chrystel,Minne
862,Feliza,Ivett,291,Tera,Ekaterina
863,Ottilie,Oona,736,Aeriela,Gabi
864,Andeee,Donetta,497,Sharlene,Heddie
865,Lauryn,Joeann,987,Joceline,Melina
866,Karly,Pamella,302,Joleen,Rochette
867,Eolanda,Sadie,523,Tilly,Elie
868,Veda,Sallie,89,Wileen,Mariann
869,Albertina,Mady,454,Grier,Zsa Zsa
870,Odessa,Valeda,618,Pierette,Shauna
871,Sarette,Charissa,859,Kylynn,Merci
872,Fred,Hyacinthe,427,Nickie,Barbara
873,Asia,Lonnie,803,Alleen,Elmira
874,Bernardine,Helena,1,Maurene,Alyssa
875,Kamilah,Joane,853,Tierney,Charmaine
876,Sindee,Flo,893,Elena,Jsandye
877,Dari,Tybie,577,Karena,Ethel
878,Odessa,Shauna,619,Marline,Mathilda
879,Marika,Constance,788,Xylina,Alia
880,Caritta,Hermione,806,Orelia,Atlanta
881,Jordan,Marleah,281,Nadine,Corly
882,Claudina,Liana,534,Queenie,Livvyy
883,Talya,Ann-Marie,158,Tori,Aaren
884,Fanny,Briney,763,Adelle,Cacilie
885,Annecorinne,Valeda,187,Gianina,Lolita
886,Lynea,Mathilda,25,Hermione,Neila
887,Morganica,Viki,498,Keelia,Tierney
888,Courtnay,Delilah,517,Gabi,Maurene
889,Debee,Jan,240,Gavrielle,Caritta
890,Emelina,Babita,846,Coral,Dyann
891,Sybille,Florencia,353,Christian,Florie
892,Maridel,Tani,794,Jere,Basia
893,Nessie,Angelique,957,Gertrud,Fidelia
894,Delilah,Mureil,619,Lita,Caryl
895,Sheree,Riannon,585,Verla,Ezmeralda
896,Jinny,Lanae,461,Cyndie,Sheree
897,Merrie,Wynne,79,Marnia,Wynne
898,Annice,Blinni,514,Flo,Loree
899,Robinia,Maye,129,Nikki,Sabina
900,Katuscha,Gisela,51,Jolyn,Helena
901,Fanny,Dorthy,687,Fernande,Ottilie
902,Livvyy,Michaelina,606,Konstance,Anica
903,Celisse,Agathe,701,Theodora,Frank
904,Merci,Vanessa,129,Lusa,Blinni
905,Sissy,Chrystel,760,Vinita,Daphne
906,Viki,Fawne,360,Stacey,Addia
907,Gwyneth,Jessy,420,Raquela,Sandie
908,Constance,Modestia,659,Dode,Roslyn
909,Nariko,Madalyn,158,Wilma,Asia
910,Marleah,Gale,274,Veda,Carlie
911,Netty,Alyssa,20,Marleah,Brietta
912,Orsola,Sherrie,106,Lyssa,Aurelie
913,Madalyn,Flory,107,Ida,Korrie
914,Carlie,Rochette,275,Lita,Yolane
915,Nickie,Micheline,598,Eve,Hayley
916,Alameda,Myrtice,376,Kial,Sherrie
917,Kial,Rebeca,543,Ashlee,Grier
918,Tami,Lorenza,202,Lila,Leanna
919,Brooks,Annecorinne,887,Eugine,Valli
920,Yolane,Johna,598,Emma,Jessy
921,Dagmar,Tracey,400,Cyndie,Sean
922,Louella,Doralynne,604,Charmaine,Myrtice
923,Micheline,Hyacinthe,530,Vevay,Raina
924,Lorenza,Trixi,681,Damaris,Amelia
925,Shannah,Brandise,837,Ann-Marie,Karena
926,Caritta,Mireielle,131,Laurene,Candi
927,Riannon,Merry,107,Wanda,Claresta
928,Sam,Kimberley,560,Arlena,Oralee
929,Agathe,Harmonia,222,Gisela,Melisent
930,Marti,Esmeralda,683,Helsa,Annice
931,Hope,Ketti,162,Shaylyn,Lorne
932,Gerrie,Paule,624,Belva,Lucy
933,Asia,Kial,778,Fred,Cam
934,Myriam,Dolli,809,Netty,Rori
935,Britni,Brena,631,Bernardine,Dorice
936,Gloria,Rosabelle,674,Annabela,Vita
937,Christian,Olivette,890,Tracey,Nannie
938,Cecile,Dennie,443,Jere,Gerianna
939,Pearline,Lila,91,Nikki,Jessy
940,Harmonia,Julieta,215,Dotty,Kelly
941,Cindelyn,Camile,270,Tybie,Berta
942,Sibella,Kimberley,760,Aurelie,Yetty
943,Almeta,Elfreda,179,Yolane,Donnie
944,Abbie,Janis,146,Amelia,Sybille
945,Shandie,Leontine,500,Yolane,Lenna
946,Johna,Corly,987,Deane,Aryn
947,Bobinette,Brynna,86,Brena,Merry
948,Stevana,Sonni,160,Cindelyn,Gabi
949,Gisela,Hermione,941,Ericka,Augustine
950,Asia,Lanae,541,Lanna,Ira
951,Minne,Marcy,423,Tracey,Romona
952,Carmela,Margarette,144,Aimil,Yvonne
953,Marsiella,Mireielle,444,Randa,Susette
954,Jolyn,Bibby,985,Karlee,Deedee
955,Jaime,Carol-Jean,376,Bertine,Kathi
956,Kittie,Vivia,406,Randa,Celene
957,Jessy,Carmencita,135,Morganica,Roz
958,Linet,Sashenka,742,Anthia,Meghann
959,Jillayne,Rhea,310,Shirlee,Minne
960,Regina,Hope,939,Gwenneth,Emylee
961,Damaris,Millie,821,Arabel,Corly
962,Coral,Ninnetta,569,Dorice,Lynea
963,Clo,Ermengarde,66,Corry,Nananne
964,Hollie,Jessamyn,841,Gavrielle,Allis
965,Jenda,Giustina,644,Benita,Ulrike
966,Kirstin,Tobe,374,Fanny,Hyacinthe
967,Flo,Laurene,483,Riannon,Goldie
968,Tiffie,Ardeen,997,Jany,Gisela
969,Rosene,Lory,930,Molli,Kaja
970,Lanna,Ellette,706,Berget,Sadie
971,Claresta,Christian,552,Cathyleen,Clarice
972,Kylynn,Anica,654,Cherrita,Blake
973,Allis,June,164,Tersina,Tonia
974,Aaren,Belinda,599,Micheline,Adelle
975,Kristan,Lelah,587,Lolita,Emmey
976,Dorthy,Pollyanna,617,Tarra,Sarette
977,Cristine,Verla,719,Dolli,Jackie
978,Jaclyn,Vere,277,Rosene,Daryl
979,Vere,Adore,100,Stevana,Jacquetta
980,Wanda,Fredericka,338,Ofilia,Brianna
981,Donetta,Perry,814,Heida,Yolane
982,Jillayne,Silvana,827,Kimberley,Magdalena
983,Leanna,Konstance,407,Raina,Tracey
984,Nollie,Randa,753,Nita,Nonnah
985,Amalie,Phylis,854,Meghann,Danika
986,Roxane,Iseabal,687,Yetty,Hildegaard
987,Mady,Nyssa,226,Dorice,Gusella
988,Jennica,Rebeca,801,Sheelagh,Ekaterina
989,Tina,Ashlee,522,Ira,Danika
990,Nanete,Josephine,24,Renae,Fina
991,Gisela,Kary,259,Rori,Raf
992,Cam,Amalie,42,Gwyneth,Shauna
993,Justinn,Marguerite,800,Karena,Shauna
994,Esmeralda,Roz,182,Bernie,Aurelie
995,Linet,Tressa,114,Ellette,Pollyanna
996,Dolli,Carmela,86,Starla,Ayn
997,Hettie,Etta,218,Wileen,Christian
998,Deedee,Lilith,571,Ana,Evaleen
999,Cathie,Helsa,851,Cassondra,Brynna
1000,Sandie,Priscilla,265,Caritta,Shirlee
1001,Brooks,Alia,711,Paola,Edee
1002,Clary,Karolina,689,Dale,Fanchon
1003,Celestyna,Leanna,21,Demetris,Krystle
1004,Cassandra,Amelia,810,Kimmy,Janenna
1005,Priscilla,Talya,115,Courtnay,Bill
1006,Renae,Ricky,186,Monika,Ronna
1007,Brynna,Tamqrah,14,Leeanne,Inga
1008,Shannah,Belva,975,Lonnie,Tamqrah
1009,Bernardine,Estell,565,Cassandra,Ashlee
1010,Beatriz,Lorie,189,Vita,Anestassia
1011,Rani,Juliane,500,Fanchon,Magdalena
1012,Teriann,Catrina,531,Cathyleen,Gloria
1013,Ann-Marie,Ricky,86,Marcy,Tracey
1014,Adriana,Raf,78,Taffy,Joeann
1015,Margalo,Wilma,662,Louella,Marguerite
1016,Jacenta,Brianna,582,Harmonia,Calla
1017,Harrietta,Gui,644,Kristan,Rosanne
1018,Tami,Caritta,916,Kirstin,Netty
1019,Ashlee,Maud,552,Laure,Nelle
1020,Lonnie,Marleah,889,Sherrie,Ronna
1021,Natka,Ariela,823,Aubrie,Marnia
1022,Bee,Odessa,595,Dale,Philis
1023,Emilia,Kore,456,Catharine,Lyssa
1024,Raina,Lila,653,Desirae,Dania
1025,Ada,Dulcinea,386,Hyacinthe,Diena
1026,Aurore,Mara,664,Shannah,Livvyy
1027,Imojean,Roslyn,728,Gerianna,Brana
1028,Mamie,Viviene,416,Jaclyn,Angelique
1029,Zia,Libbie,907,Melanie,Laurene
1030,Madalyn,Atlanta,242,Sissy,Ayn
1031,Antonietta,Trixi,668,Sindee,Sam
1032,Moyna,Jacenta,260,Aili,Raquela
1033,Flory,Ebonee,714,Gisela,Charlena
1034,Clementine,Trixi,527,Roseline,Celisse
1035,Rosene,Renie,507,Raf,Rochette
1036,Norine,Dania,175,Britte,Carmencita
1037,Beatriz,Elena,414,Sara-Ann,Monika
1038,Lanna,Coral,790,Lelah,Heida
1039,Frieda,Lila,214,Raina,Lelah
1040,Sadie,Jeanna,710,Corry,Caressa
1041,Verla,Elena,418,Eugine,Nessie
1042,Fred,Mallory,748,Edee,Frances
1043,Jean,Gilligan,337,Chere,Drucie
1044,Kimmy,Ginnie,801,Janis,Rosanne
1045,Atlanta,Asia,960,Ileana,Anthia
1046,Laure,Tabbatha,827,Nickie,Priscilla
1047,Bill,Kathi,17,Rhoda,Britte
1048,Dyann,Donetta,452,Anica,Josephine
1049,Adriana,Elise,714,Darci,Donetta
1050,Oralee,Paola,39,Joleen,Jere
1051,Beth,Binny,800,Loree,Andeee
1052,Laure,Dyann,731,Margarette,Christy
1053,Talya,Renae,59,Ira,Katuscha
1054,Glenda,Loree,627,Mallory,Alyda
1055,Charlena,Neila,330,Meghann,Meg
1056,Dania,Alie,427,Judy,Giustina
1057,Jinny,Alleen,375,Arlina,Vonny
1058,Atlanta,Kathy,109,Stephanie,Kirbee
1059,Caressa,Gloria,794,Zondra,Kaja
1060,Lorne,Alyssa,275,Augustine,Minne
1061,Taffy,Beverley,550,Wanda,Daune
1062,Ardenia,Sindee,910,Starla,Mathilda
1063,Candi,Rochette,291,Bill,Wanda
1064,Rhea,Libbie,191,Jerry,Marylou
1065,Vere,Melodie,689,Leia,Nikki
1066,Karly,Bobbi,208,Fanchon,Elora
1067,Queenie,Katharina,176,Bobinette,Flo
1068,Hollie,Gavrielle,121,Sissy,Shaylyn
1069,Loree,Madeleine,75,Elmira,Deane
1070,Tabbatha,Rosaline,156,Celestyna,Brandise
1071,Jobi,Bill,37,Heddie,Kelly
1072,Ericka,Maurene,399,Cyb,Vanessa
1073,Jean,Penelopa,219,Regina,Celene
1074,Maryellen,Fina,267,Deedee,Elsie
1075,Linet,Nyssa,390,Tybie,Corina
1076,Rochette,Peri,430,Sabina,Christal
1077,Karlee,Sean,278,Leia,Abbie
1078,Dulcinea,Raf,410,Netty,Letizia
1079,Janis,Dawn,325,Gwenneth,Donnie
1080,Sheree,Corly,637,Caryl,Dulce
1081,Cristine,Valli,695,Christal,Annabela
1082,Inga,Jsandye,621,Aili,Tybie
1083,Jasmina,Rosene,609,Sibella,Eugine
1084,Codie,Sophia,91,Edyth,Dania
1085,Alyssa,Angelique,312,Ellette,Joy
1086,Moyna,Fawne,325,Janey,Adele
1087,Sue,Lulita,25,Fredericka,Hettie
1088,Lonnie,Sharai,206,Robinia,Celene
1089,Priscilla,Chrystel,982,Joelly,Shirlee
1090,Ivett,Tracey,616,Ira,Hollie
1091,Gertrud,Modestia,697,Kalina,Alia
1092,Althea,Starla,999,Beverley,Averyl
1093,Merci,Anica,640,Sybille,Darlleen
1094,Carly,Elsie,704,Allyce,Sue
1095,Lulita,Claudina,723,Moyna,Leona
1096,Jerry,Stephanie,165,Karina,Cristine
1097,Vanessa,Vanessa,756,Eugine,Lila
1098,Dyann,Emylee,180,Vevay,Tani
1099,Brena,Teriann,106,Marita,Fred